token	count	per_million
art	15915	4564.69
exposition	9898	2838.91
artiste	8131	2332.11
artistes	7699	2208.2
œuvre	5790	1660.67
travail	5672	1626.82
œuvres	5459	1565.73
espace	5331	1529.02
monde	4626	1326.81
images	4432	1271.17
histoire	4079	1169.92
image	3864	1108.26
projet	3842	1101.95
années	3405	976.61
forme	3361	963.99
artistique	3098	888.56
corps	3057	876.8
arts	2973	852.71
lieu	2922	838.08
vie	2624	752.61
musée	2597	744.86
création	2583	740.85
sens	2539	728.23
centre	2516	721.63
contemporain	2513	720.77
livre	2438	699.26
travers	2381	682.91
installation	2366	678.61
formes	2291	657.1
photographie	2284	655.09
architecture	2263	649.07
film	2217	635.87
cadre	2183	626.12
public	2181	625.55
critique	2171	622.68
biennale	2167	621.53
collection	2144	614.93
peinture	2134	612.07
ensemble	2117	607.19
recherche	2092	600.02
culture	2045	586.54
cinéma	2041	585.39
série	2033	583.1
regard	2004	574.78
pratique	1999	573.35
mise	1996	572.49
objet	1985	569.33
scène	1966	563.88
ville	1881	539.5
objets	1877	538.35
politique	1854	531.76
vidéo	1828	524.3
pratiques	1723	494.18
production	1712	491.03
texte	1710	490.46
après	1704	488.74
expérience	1699	487.3
ailleurs	1698	487.01
souvent	1694	485.87
vers	1650	473.25
autour	1609	461.49
esthétique	1604	460.05
galerie	1598	458.33
rapport	1597	458.05
expositions	1595	457.47
partir	1575	451.74
van	1557	446.57
selon	1549	444.28
effet	1528	438.26
processus	1522	436.53
mouvement	1507	432.23
belgique	1504	431.37
plusieurs	1502	430.8
notamment	1496	429.08
quelques	1494	428.5
nouvelle	1488	426.78
euros	1480	424.49
partie	1466	420.47
agit	1462	419.33
propre	1460	418.75
lieux	1456	417.6
artistiques	1454	417.03
nature	1442	413.59
performance	1428	409.57
chez	1420	407.28
réel	1418	406.71
quelque	1415	405.85
déjà	1393	399.54
idée	1389	398.39
parfois	1382	396.38
façon	1378	395.23
pierre	1373	393.8
contexte	1372	393.51
pensée	1361	390.36
photographies	1357	389.21
sein	1354	388.35
grande	1354	388.35
réalité	1349	386.92
plutôt	1345	385.77
auteur	1342	384.91
grand	1340	384.33
champ	1336	383.19
textes	1336	383.19
projets	1329	381.18
spectateur	1319	378.31
face	1303	373.72
chose	1295	371.43
nouveau	1287	369.13
laquelle	1284	368.27
exemple	1256	360.24
espaces	1256	360.24
siècle	1244	356.8
présente	1217	349.06
collectif	1210	347.05
fin	1208	346.47
rien	1197	343.32
atelier	1195	342.75
présence	1193	342.17
lumière	1192	341.89
sujet	1186	340.16
matière	1181	338.73
jeu	1174	336.72
semble	1171	335.86
plastiques	1165	334.14
éléments	1161	332.99
société	1140	326.97
différents	1136	325.82
sculpture	1126	322.96
dessins	1124	322.38
côté	1116	320.09
occasion	1115	319.8
sorte	1110	318.37
langage	1109	318.08
cours	1107	317.51
belge	1105	316.93
propos	1099	315.21
année	1098	314.92
michel	1091	312.92
moment	1088	312.06
écriture	1088	312.06
rencontre	1087	311.77
cas	1086	311.48
lequel	1083	310.62
éditions	1082	310.34
relation	1082	310.34
films	1078	309.19
commissariat	1073	307.75
archives	1071	307.18
dernier	1070	306.89
paysage	1066	305.75
voix	1056	302.88
papier	1056	302.88
permet	1055	302.59
propose	1055	302.59
mémoire	1054	302.3
dit	1051	301.44
ouvrage	1049	300.87
couleur	1047	300.3
parcours	1027	294.56
puis	1021	292.84
homme	1019	292.27
mots	1017	291.69
présent	1014	290.83
réflexion	1008	289.11
dire	1006	288.54
dimension	1004	287.96
rue	1000	286.82
pouvoir	1000	286.82
questions	994	285.1
compte	994	285.1
cœur	994	285.1
fut	991	284.24
pièces	988	283.37
représentation	982	281.65
différentes	981	281.37
voire	978	280.51
pourtant	971	278.5
choix	959	275.06
travaux	955	273.91
liège	953	273.34
dessin	951	272.76
maison	951	272.76
jacques	949	272.19
état	947	271.62
pays	942	270.18
jour	938	269.03
choses	937	268.75
festival	934	267.89
chacun	933	267.6
musique	929	266.45
geste	928	266.17
figure	915	262.44
passé	913	261.86
faut	912	261.58
communauté	910	261.0
beaucoup	909	260.72
notion	902	258.71
culturel	894	256.41
contemporaine	893	256.13
quant	892	255.84
époque	892	255.84
surtout	886	254.12
catalogue	885	253.83
approche	883	253.26
trop	881	252.69
sonore	880	252.4
pourrait	879	252.11
politiques	878	251.82
jeunes	877	251.54
pièce	877	251.54
reste	876	251.25
loin	873	250.39
trouve	873	250.39
terme	871	249.82
photo	870	249.53
collaboration	870	249.53
donne	870	249.53
peut-être	869	249.24
démarche	869	249.24
design	868	248.96
penser	868	248.96
savoir	866	248.38
intramuros	866	248.38
mettre	865	248.1
fil	860	246.66
lecture	860	246.66
possible	859	246.38
univers	857	245.8
vision	857	245.8
n'a	854	244.94
terre	854	244.94
jeune	853	244.65
jusqu'à	851	244.08
nombre	851	244.08
abord	848	243.22
récit	848	243.22
force	846	242.65
mode	845	242.36
noir	844	242.07
dispositif	844	242.07
suite	843	241.79
origine	842	241.5
installations	842	241.5
esprit	839	240.64
créer	836	239.78
parmi	835	239.49
territoire	830	238.06
devient	828	237.48
action	827	237.2
met	824	236.34
théâtre	822	235.76
enjeux	819	234.9
france	818	234.62
international	816	234.04
prendre	815	233.76
au-delà	813	233.18
quatre	805	230.89
attention	803	230.31
lui-même	802	230.03
ème	802	230.03
long	799	229.17
site	794	227.73
bois	794	227.73
résidence	790	226.59
beaux-arts	790	226.59
programme	782	224.29
rôle	781	224.0
discours	779	223.43
sculptures	778	223.14
française	776	222.57
expression	775	222.28
construction	772	221.42
nouveaux	767	219.99
ligne	767	219.99
imaginaire	767	219.99
faisant	766	219.7
moderne	765	219.41
photographique	764	219.13
couleurs	763	218.84
doute	760	217.98
pavillon	760	217.98
salle	752	215.69
venise	752	215.69
sélection	749	214.83
collective	747	214.25
prend	744	213.39
tour	743	213.1
produit	743	213.1
personnes	740	212.24
presque	732	209.95
technique	732	209.95
valeur	732	209.95
danse	730	209.38
plastique	730	209.38
double	729	209.09
historique	728	208.8
dossier	728	208.8
lien	727	208.52
nom	726	208.23
école	726	208.23
plan	725	207.94
mis	725	207.94
début	723	207.37
commissaire	723	207.37
blanc	721	206.79
environnement	720	206.51
concept	719	206.22
n'y	713	204.5
ordre	712	204.21
fiction	711	203.93
philippe	711	203.93
françois	709	203.35
mort	709	203.35
écrit	707	202.78
identité	707	202.78
femmes	707	202.78
documentaire	706	202.49
multiples	704	201.92
peintures	702	201.35
poésie	701	201.06
porte	701	201.06
milieu	699	200.48
système	698	200.2
certaines	698	200.2
français	697	199.91
bernard	696	199.62
rencontres	694	199.05
vivant	694	199.05
humain	694	199.05
fonction	693	198.76
rendre	692	198.48
revue	692	198.48
ensuite	688	197.33
offre	686	196.76
intérieur	685	196.47
structure	684	196.18
enfin	684	196.18
dialogue	683	195.9
livres	683	195.9
statut	681	195.32
techniques	680	195.04
poétique	678	194.46
recherches	678	194.46
fond	677	194.17
s'y	677	194.17
modèle	674	193.31
qu'à	672	192.74
sol	672	192.74
internationale	667	191.31
prise	667	191.31
exemplaires	663	190.16
visible	663	190.16
format	663	190.16
divers	663	190.16
groupe	662	189.87
sociale	659	189.01
marcel	659	189.01
septembre	657	188.44
ouverture	656	188.15
seul	655	187.86
grâce	654	187.58
présentation	654	187.58
droit	653	187.29
matériaux	651	186.72
référence	649	186.14
désir	647	185.57
institutions	647	185.57
situation	645	185.0
toile	645	185.0
pris	644	184.71
europe	644	184.71
réalisé	644	184.71
particulier	644	184.71
perspective	642	184.14
guerre	641	183.85
relations	641	183.85
mieux	640	183.56
récits	639	183.28
mesure	638	182.99
vidéos	635	182.13
propres	635	182.13
voit	634	181.84
désormais	634	181.84
petit	633	181.55
photographe	630	180.69
david	628	180.12
soi	626	179.55
grands	626	179.55
intérêt	625	179.26
passage	624	178.97
usage	623	178.69
acte	623	178.69
gestes	623	178.69
fédération	623	178.69
palais	621	178.11
près	620	177.83
devenir	620	177.83
véritable	619	177.54
marché	618	177.25
daniel	618	177.25
donner	613	175.82
inscrit	612	175.53
commun	612	175.53
est-ce	611	175.24
constitue	610	174.96
vient	609	174.67
retour	609	174.67
départ	608	174.38
position	605	173.52
nombreux	604	173.24
celle-ci	604	173.24
visiteur	602	172.66
principe	601	172.38
entretien	601	172.38
jours	600	172.09
conditions	600	172.09
existence	600	172.09
wallonie-bruxelles	600	172.09
particulièrement	598	171.52
jean	597	171.23
mois	597	171.23
culturelle	596	170.94
projection	594	170.37
libre	592	169.8
contemporains	592	169.8
social	591	169.51
surface	589	168.93
quotidien	588	168.65
robert	585	167.79
collections	584	167.5
anne	584	167.5
lorsque	583	167.21
économie	583	167.21
archive	582	166.93
belges	581	166.64
simple	580	166.35
perception	577	165.49
coll	577	165.49
logique	576	165.21
mai	575	164.92
mot	575	164.92
acteurs	575	164.92
paul	574	164.63
murs	573	164.35
humaine	573	164.35
volonté	570	163.49
écho	570	163.49
genre	569	163.2
dernière	569	163.2
voyage	568	162.91
activité	567	162.62
portrait	566	162.34
moyens	566	162.34
for	564	161.76
seule	563	161.48
tient	563	161.48
diverses	563	161.48
sensible	563	161.48
large	562	161.19
proposition	561	160.9
figures	561	160.9
mur	560	160.62
université	560	160.62
échelle	559	160.33
laurent	556	159.47
lignes	556	159.47
performances	556	159.47
termes	554	158.9
publication	552	158.32
eau	552	158.32
sommes	552	158.32
vernissage	551	158.04
fondation	551	158.04
visuels	550	157.75
caractère	550	157.75
conscience	550	157.75
pages	550	157.75
base	546	156.6
outre	544	156.03
développement	544	156.03
musées	542	155.45
raison	540	154.88
théorie	538	154.31
critiques	537	154.02
passe	535	153.45
impression	535	153.45
conception	533	152.87
institution	533	152.87
philosophie	533	152.87
parler	532	152.59
centrale	532	152.59
liens	532	152.59
olivier	531	152.3
produire	531	152.3
médium	530	152.01
absence	530	152.01
numérique	529	151.73
domaine	528	151.44
main	527	151.15
réseau	527	151.15
programmation	526	150.87
précisément	526	150.87
liberté	525	150.58
pense	525	150.58
mouvements	524	150.29
propositions	524	150.29
diffusion	524	150.29
parole	524	150.29
apparaît	523	150.01
elle-même	522	149.72
invite	520	149.14
assez	519	148.86
activités	516	148.0
possibilité	516	148.0
seconde	512	146.85
effets	512	146.85
donné	511	146.56
histoires	511	146.56
thème	510	146.28
documents	510	146.28
broodthaers	510	146.28
ouvert	509	145.99
traces	509	145.99
mars	509	145.99
littérature	507	145.42
appel	506	145.13
modernité	506	145.13
rapports	506	145.13
œil	505	144.84
illustrations	503	144.27
esthétiques	502	143.98
expériences	501	143.7
direction	499	143.12
distance	499	143.12
ateliers	498	142.83
paysages	498	142.83
réalisation	498	142.83
structures	497	142.55
comprendre	496	142.26
joue	495	141.97
publié	494	141.69
enfants	494	141.69
dimensions	493	141.4
analyse	492	141.11
nombreuses	491	140.83
davantage	491	140.83
ouvre	491	140.83
montre	491	140.83
carte	489	140.25
montage	488	139.97
octobre	487	139.68
type	487	139.68
écran	487	139.68
toutefois	486	139.39
intervention	485	139.11
événement	484	138.82
celui-ci	484	138.82
sonores	483	138.53
novembre	482	138.25
andré	482	138.25
essai	482	138.25
photos	481	137.96
langue	481	137.96
personne	480	137.67
contraire	479	137.39
est-à-dire	479	137.39
berlin	477	136.81
études	475	136.24
points	475	136.24
femme	473	135.66
physique	473	135.66
spectacle	472	135.38
petite	471	135.09
découverte	471	135.09
retrouve	471	135.09
concours	470	134.8
veut	469	134.52
dispositifs	469	134.52
frontières	468	134.23
auteurs	466	133.66
publics	465	133.37
malgré	464	133.08
limites	464	133.08
historiques	464	133.08
terrain	463	132.8
yeux	463	132.8
pose	463	132.8
importance	462	132.51
crise	461	132.22
visuelle	461	132.22
directeur	460	131.94
qualité	459	131.65
portée	458	131.36
nuit	458	131.36
grandes	457	131.08
vivre	457	131.08
bâtiment	457	131.08
manifeste	457	131.08
page	456	130.79
entrée	456	130.79
nécessité	456	130.79
existe	455	130.5
découvrir	454	130.21
lesquels	454	130.21
service	453	129.93
signes	452	129.64
complexe	451	129.35
symbolique	450	129.07
événements	450	129.07
aspect	450	129.07
peintre	449	128.78
portraits	449	128.78
air	448	128.49
modes	448	128.49
outils	447	128.21
verre	447	128.21
cinq	447	128.21
support	447	128.21
wiels	447	128.21
montrer	446	127.92
organisation	446	127.92
dernières	446	127.92
intime	446	127.92
miroir	445	127.63
récemment	445	127.63
machine	444	127.35
architecte	443	127.06
futur	443	127.06
présentée	442	126.77
durée	442	126.77
possibles	442	126.77
rend	442	126.77
vaste	440	126.2
intitulée	440	126.2
association	439	125.91
juin	439	125.91
réalisée	439	125.91
sciences	438	125.63
benjamin	437	125.34
unique	437	125.34
important	437	125.34
étude	436	125.05
largement	436	125.05
sociales	435	124.77
premières	435	124.77
tableaux	435	124.77
génération	435	124.77
construit	435	124.77
biais	433	124.19
puissance	433	124.19
intitulé	433	124.19
entend	433	124.19
capacité	433	124.19
cycle	433	124.19
communication	431	123.62
urbain	431	123.62
tableau	431	123.62
travailler	431	123.62
personnages	431	123.62
culturelles	430	123.33
crée	430	123.33
résistance	429	123.04
aide	429	123.04
alain	428	122.76
plupart	428	122.76
moments	428	122.76
deuxième	427	122.47
article	427	122.47
créations	427	122.47
patrimoine	426	122.18
conceptuel	425	121.9
passant	424	121.61
évoque	424	121.61
semblent	423	121.32
personnelle	423	121.32
parle	422	121.04
enseignement	422	121.04
invitation	421	120.75
proche	421	120.75
charleroi	420	120.46
soutien	419	120.18
actuel	419	120.18
partage	418	119.89
évolution	418	119.89
janvier	416	119.32
période	415	119.03
visuel	415	119.03
étudiants	415	119.03
anglais	414	118.74
invité	414	118.74
accès	413	118.46
tard	412	118.17
lettre	412	118.17
marie	410	117.59
représentations	410	117.59
architectes	410	117.59
premiers	409	117.31
tradition	409	117.31
benoît	409	117.31
contemporaines	409	117.31
révèle	409	117.31
jeux	408	117.02
cesse	408	117.02
avril	408	117.02
emmanuel	407	116.73
marc	407	116.73
idées	406	116.45
extrait	406	116.45
patrick	405	116.16
sait	404	115.87
john	404	115.87
trouver	404	115.87
numériques	404	115.87
économique	403	115.59
nécessaire	403	115.59
renvoie	402	115.3
violence	400	114.73
nord	400	114.73
vide	400	114.73
conçu	400	114.73
signe	400	114.73
outil	400	114.73
thomas	400	114.73
roman	399	114.44
commissaires	398	114.15
réalisées	398	114.15
région	397	113.87
mal	397	113.87
chacune	397	113.87
invités	397	113.87
soient	397	113.87
lesquelles	397	113.87
sociaux	397	113.87
consiste	396	113.58
mises	395	113.29
fragments	395	113.29
manifestation	394	113.01
niveau	393	112.72
général	392	112.43
moyen	392	112.43
plans	392	112.43
second	392	112.43
élément	392	112.43
écoles	392	112.43
constituent	390	111.86
cité	388	111.28
christine	388	111.28
finalement	388	111.28
juste	387	111.0
diversité	387	111.0
contenu	387	111.0
situ	386	110.71
rouge	386	110.71
traduction	385	110.42
lettres	385	110.42
but	385	110.42
sentiment	384	110.14
entreprise	383	109.85
national	383	109.85
interventions	383	109.85
museum	383	109.85
motifs	382	109.56
lire	382	109.56
condition	382	109.56
eric	381	109.28
christian	381	109.28
ancien	381	109.28
trace	379	108.7
références	379	108.7
actualité	378	108.42
table	377	108.13
vincent	377	108.13
cultures	377	108.13
troisième	376	107.84
revient	376	107.84
via	376	107.84
blanche	375	107.56
mêmes	375	107.56
peter	375	107.56
néanmoins	375	107.56
autrement	375	107.56
laisse	374	107.27
interroge	374	107.27
silence	374	107.27
venir	373	106.98
actuelle	371	106.41
famille	371	106.41
médias	371	106.41
georges	370	106.12
égard	370	106.12
thématique	369	105.84
générale	369	105.84
février	369	105.84
caméra	368	105.55
fort	367	105.26
tête	367	105.26
mené	366	104.97
invisible	366	104.97
territoires	366	104.97
objectif	366	104.97
